id;first_name;last_name;email;gender;ip_address
1;Stormi;Coils;scoils0@usatoday.com;Female;12.139.211.188
2;Molli;Van Ross;mvanross1@csmonitor.com;Female;110.239.113.101
3;Ced;Kocher;ckocher2@edublogs.org;Male;17.27.103.195
4;Freddie;Plom;fplom3@lycos.com;Female;151.159.135.243
5;Garth;Youster;gyouster4@examiner.com;Male;197.51.64.13
6;Devin;Girdlestone;dgirdlestone5@utexas.edu;Male;130.8.47.115
7;Freeman;Lednor;flednor6@shareasale.com;Male;5.146.193.67
8;Amii;Beardsley;abeardsley7@boston.com;Female;84.116.241.31
9;Levy;Liger;lliger8@cam.ac.uk;Male;138.222.147.158
10;Licha;Aleshkov;laleshkov9@mail.ru;Female;53.161.114.226
11;Sansone;Pfeffle;spfefflea@mapy.cz;Male;188.42.43.85
12;Beth;Makinson;bmakinsonb@tmall.com;Female;170.21.101.240
13;Constantina;Bullin;cbullinc@smh.com.au;Female;216.118.75.57
14;Colene;Scobie;cscobied@cargocollective.com;Female;12.187.241.3
15;Atlanta;Cornels;acornelse@newsvine.com;Female;119.234.135.94
16;Sherie;Russon;srussonf@techcrunch.com;Female;162.63.31.104
17;Tandie;Reiach;treiachg@about.me;Female;159.226.167.227
18;Cosetta;Ferraraccio;cferraraccioh@opensource.org;Female;228.37.214.81
19;Rosalynd;Stryde;rstrydei@nifty.com;Female;204.148.151.70
20;Kathye;Persence;kpersencej@geocities.com;Female;61.23.21.78
21;Tremaine;Sybbe;tsybbek@google.ru;Male;122.86.229.68
22;Taffy;Maryan;tmaryanl@google.com.br;Female;2.74.34.85
23;Francene;Alldridge;falldridgem@1688.com;Female;234.165.104.244
24;Hew;Smorthit;hsmorthitn@aol.com;Male;18.226.184.126
25;Olin;Cregan;ocregano@over-blog.com;Male;134.3.253.192
26;Gerrie;Khidr;gkhidrp@addthis.com;Male;81.11.59.75
27;Paulette;Hazelby;phazelbyq@timesonline.co.uk;Female;209.20.113.250
28;Kaylee;Scandwright;kscandwrightr@w3.org;Female;218.50.193.212
29;Brittne;MacMeanma;bmacmeanmas@msu.edu;Female;114.28.234.142
30;Sebastiano;Standfield;sstandfieldt@prlog.org;Male;80.93.237.78
31;Remington;Wiley;rwileyu@xing.com;Male;174.136.46.246
32;Joey;Treasaden;jtreasadenv@gravatar.com;Male;149.192.220.88
33;Frants;Ruste;frustew@wikipedia.org;Male;8.127.255.132
34;Abby;Brosius;abrosiusx@discovery.com;Female;167.140.24.249
35;Ambur;Povele;apoveley@cbc.ca;Female;25.161.64.157
36;Noam;Rutherforth;nrutherforthz@photobucket.com;Male;194.31.39.13
37;Elfrida;Girling;egirling10@istockphoto.com;Female;168.68.16.97
38;Falito;Gate;fgate11@jimdo.com;Male;243.1.5.122
39;Aigneis;Atling;aatling12@barnesandnoble.com;Female;49.9.59.162
40;Rafaelita;Trownson;rtrownson13@gmpg.org;Female;148.88.2.42
41;Alejandro;Trusler;atrusler14@gov.uk;Male;141.158.47.143
42;Suzie;Larway;slarway15@cbsnews.com;Female;132.44.240.2
43;Redford;Clarson;rclarson16@europa.eu;Male;99.3.4.46
44;Othello;Jurisic;ojurisic17@ezinearticles.com;Male;188.83.162.98
45;Boyd;Brecon;bbrecon18@jigsy.com;Male;122.182.138.218
46;Aeriell;Yosselevitch;ayosselevitch19@github.io;Female;234.139.165.162
47;Lianna;Kitching;lkitching1a@fastcompany.com;Female;48.196.66.4
48;Jacquenetta;Looker;jlooker1b@prlog.org;Female;41.61.29.204
49;Jocelyne;Bohden;jbohden1c@bluehost.com;Female;135.187.138.236
50;Marge;Duigan;mduigan1d@cnbc.com;Female;187.79.138.172
51;Noe;Fallowfield;nfallowfield1e@usda.gov;Male;6.237.86.27
52;Abby;Tilt;atilt1f@epa.gov;Male;172.28.71.183
53;Roxi;Frusher;rfrusher1g@seesaa.net;Female;169.188.170.68
54;Cy;Bashford;cbashford1h@jimdo.com;Male;157.191.184.175
55;Mohammed;Buick;mbuick1i@marketwatch.com;Male;139.144.16.28
56;Ode;Haukey;ohaukey1j@google.fr;Male;243.149.1.179
57;Karylin;Burchmore;kburchmore1k@acquirethisname.com;Female;180.219.59.193
58;Chrystal;Gordon;cgordon1l@aol.com;Female;175.161.102.203
59;Tommie;Whitehead;twhitehead1m@newsvine.com;Female;211.179.241.250
60;Freddy;Skirling;fskirling1n@marriott.com;Female;243.228.91.67
61;Karmen;Dast;kdast1o@google.com.hk;Female;15.80.249.155
62;Shaylyn;Emmatt;semmatt1p@cbsnews.com;Female;171.103.157.4
63;Ceil;Kilborn;ckilborn1q@time.com;Female;95.207.30.70
64;Alison;Scala;ascala1r@1und1.de;Female;1.214.6.44
65;Gwenora;Auty;gauty1s@cafepress.com;Female;165.250.29.22
66;Abner;Orniz;aorniz1t@1688.com;Male;162.17.108.242
67;Jody;Clawsley;jclawsley1u@goo.ne.jp;Female;73.160.151.166
68;Annamarie;Bailiss;abailiss1v@washington.edu;Female;214.226.133.105
69;Helenelizabeth;Gres;hgres1w@jugem.jp;Female;122.124.56.214
70;Beck;Kalaher;bkalaher1x@google.com.au;Male;75.168.54.42
71;Lorettalorna;Bottomore;lbottomore1y@51.la;Female;67.56.138.28
72;Tandi;Salvador;tsalvador1z@techcrunch.com;Female;208.149.73.104
73;Emmey;Markie;emarkie20@people.com.cn;Female;53.13.248.20
74;Vale;Schouthede;vschouthede21@google.com.au;Female;209.14.113.167
75;Verina;Hutsby;vhutsby22@themeforest.net;Female;101.32.245.106
76;Moina;Lindhe;mlindhe23@dyndns.org;Female;111.229.101.122
77;Emmery;Wildin;ewildin24@scientificamerican.com;Male;218.249.67.206
78;Hanna;Hendrik;hhendrik25@yale.edu;Female;180.255.2.248
79;Ferdy;Rockcliffe;frockcliffe26@liveinternet.ru;Male;177.78.162.212
80;Ardis;Clendennen;aclendennen27@walmart.com;Female;237.190.59.139
81;Codie;Betz;cbetz28@ca.gov;Male;235.92.123.238
82;Lark;Cobain;lcobain29@bloglovin.com;Female;159.137.87.54
83;Theo;Simukov;tsimukov2a@1688.com;Male;41.11.128.73
84;Gareth;Di Maggio;gdimaggio2b@addtoany.com;Male;85.16.164.182
85;Lew;Broady;lbroady2c@princeton.edu;Male;86.195.114.227
86;Karine;Dickons;kdickons2d@php.net;Female;251.144.49.250
87;Ollie;Wittrington;owittrington2e@weibo.com;Male;159.129.141.219
88;Rupert;Cabral;rcabral2f@answers.com;Male;147.15.43.237
89;Rubetta;Loton;rloton2g@google.com;Female;241.116.152.119
90;Amye;Milch;amilch2h@prnewswire.com;Female;199.106.145.51
91;Maurizio;Anfosso;manfosso2i@zdnet.com;Male;5.144.161.2
92;Avram;Gini;agini2j@devhub.com;Male;203.132.52.111
93;Jeromy;Rabley;jrabley2k@engadget.com;Male;199.84.2.31
94;Renae;Ethelstone;rethelstone2l@meetup.com;Female;254.182.118.5
95;Prent;Swepson;pswepson2m@sakura.ne.jp;Male;120.3.254.166
96;Pate;Trousdale;ptrousdale2n@google.de;Male;165.208.235.216
97;Tomi;Ortzen;tortzen2o@odnoklassniki.ru;Female;0.145.22.140
98;Hildagard;Walder;hwalder2p@dailymail.co.uk;Female;232.26.237.125
99;Gwenny;Phelan;gphelan2q@alexa.com;Female;101.193.91.7
100;Fancie;Dayment;fdayment2r@dell.com;Female;211.138.196.200
